{
  "proposal_006": {
    "opinion_score": {
      "mean_absolute_error": 2.642857142857143,
      "region_errors": {
        "3.1": 2.642857142857143
      },
      "correlation": 0.16210226462396926
    },
    "reason_match": {
      "jaccard_similarity": 0.1357142857142857,
      "region_similarities": {
        "3.1": 0.1357142857142857
      },
      "most_common_correct": {
        "3.1": [
          [
            "A",
            5
          ],
          [
            "B",
            1
          ],
          [
            "L",
            1
          ]
        ]
      },
      "most_common_incorrect": {
        "3.1": [
          [
            "H",
            6
          ],
          [
            "A",
            3
          ],
          [
            "B",
            3
          ]
        ]
      }
    }
  },
  "proposal_003": {
    "opinion_score": {
      "mean_absolute_error": 3.0714285714285716,
      "region_errors": {
        "2.1": 3.0714285714285716
      },
      "correlation": -0.09668772019142607
    },
    "reason_match": {
      "jaccard_similarity": 0.16802721088435377,
      "region_similarities": {
        "2.1": 0.16802721088435377
      },
      "most_common_correct": {
        "2.1": [
          [
            "A",
            5
          ],
          [
            "H",
            3
          ],
          [
            "E",
            1
          ]
        ]
      },
      "most_common_incorrect": {
        "2.1": [
          [
            "B",
            7
          ],
          [
            "H",
            6
          ],
          [
            "A",
            5
          ]
        ]
      }
    }
  },
  "proposal_000": {
    "opinion_score": {
      "mean_absolute_error": 2.9285714285714284,
      "region_errors": {
        "1.1": 2.9285714285714284
      },
      "correlation": -0.5593870818000433
    },
    "reason_match": {
      "jaccard_similarity": 0.2178571428571429,
      "region_similarities": {
        "1.1": 0.2178571428571429
      },
      "most_common_correct": {
        "1.1": [
          [
            "A",
            5
          ],
          [
            "C",
            2
          ],
          [
            "B",
            2
          ]
        ]
      },
      "most_common_incorrect": {
        "1.1": [
          [
            "H",
            5
          ],
          [
            "B",
            4
          ],
          [
            "I",
            3
          ]
        ]
      }
    }
  },
  "proposal_005": {
    "opinion_score": {
      "mean_absolute_error": 2.2142857142857144,
      "region_errors": {
        "2.3": 2.2142857142857144
      },
      "correlation": -0.0861379091006004
    },
    "reason_match": {
      "jaccard_similarity": 0.18333333333333332,
      "region_similarities": {
        "2.3": 0.18333333333333332
      },
      "most_common_correct": {
        "2.3": [
          [
            "A",
            4
          ],
          [
            "H",
            3
          ],
          [
            "C",
            1
          ]
        ]
      },
      "most_common_incorrect": {
        "2.3": [
          [
            "B",
            6
          ],
          [
            "A",
            4
          ],
          [
            "H",
            4
          ]
        ]
      }
    }
  },
  "proposal_002": {
    "opinion_score": {
      "mean_absolute_error": 3.4285714285714284,
      "region_errors": {
        "1.3": 3.4285714285714284
      },
      "correlation": -0.10333910999510983
    },
    "reason_match": {
      "jaccard_similarity": 0.15204081632653058,
      "region_similarities": {
        "1.3": 0.15204081632653058
      },
      "most_common_correct": {
        "1.3": [
          [
            "A",
            6
          ],
          [
            "B",
            2
          ],
          [
            "C",
            1
          ]
        ]
      },
      "most_common_incorrect": {
        "1.3": [
          [
            "H",
            5
          ],
          [
            "B",
            3
          ],
          [
            "C",
            3
          ]
        ]
      }
    }
  },
  "proposal_007": {
    "opinion_score": {
      "mean_absolute_error": 2.5714285714285716,
      "region_errors": {
        "3.2": 2.5714285714285716
      },
      "correlation": -0.18389242812245682
    },
    "reason_match": {
      "jaccard_similarity": 0.08571428571428572,
      "region_similarities": {
        "3.2": 0.08571428571428572
      },
      "most_common_correct": {
        "3.2": [
          [
            "J",
            1
          ],
          [
            "H",
            1
          ],
          [
            "A",
            1
          ]
        ]
      },
      "most_common_incorrect": {
        "3.2": [
          [
            "A",
            5
          ],
          [
            "C",
            4
          ],
          [
            "I",
            3
          ]
        ]
      }
    }
  },
  "proposal_004": {
    "opinion_score": {
      "mean_absolute_error": 2.2857142857142856,
      "region_errors": {
        "2.2": 2.2857142857142856
      },
      "correlation": 0.34954326866453267
    },
    "reason_match": {
      "jaccard_similarity": 0.2357142857142857,
      "region_similarities": {
        "2.2": 0.2357142857142857
      },
      "most_common_correct": {
        "2.2": [
          [
            "A",
            7
          ],
          [
            "H",
            3
          ],
          [
            "B",
            1
          ]
        ]
      },
      "most_common_incorrect": {
        "2.2": [
          [
            "B",
            6
          ],
          [
            "K",
            4
          ],
          [
            "H",
            3
          ]
        ]
      }
    }
  },
  "proposal_001": {
    "opinion_score": {
      "mean_absolute_error": 2.142857142857143,
      "region_errors": {
        "1.2": 2.142857142857143
      },
      "correlation": 0.336391938752468
    },
    "reason_match": {
      "jaccard_similarity": 0.12976190476190477,
      "region_similarities": {
        "1.2": 0.12976190476190477
      },
      "most_common_correct": {
        "1.2": [
          [
            "A",
            3
          ],
          [
            "H",
            2
          ],
          [
            "B",
            1
          ]
        ]
      },
      "most_common_incorrect": {
        "1.2": [
          [
            "A",
            4
          ],
          [
            "B",
            4
          ],
          [
            "C",
            4
          ]
        ]
      }
    }
  },
  "proposal_008": {
    "opinion_score": {
      "mean_absolute_error": 2.9285714285714284,
      "region_errors": {
        "3.3": 2.9285714285714284
      },
      "correlation": -0.364504450543463
    },
    "reason_match": {
      "jaccard_similarity": 0.2001700680272109,
      "region_similarities": {
        "3.3": 0.2001700680272109
      },
      "most_common_correct": {
        "3.3": [
          [
            "A",
            6
          ],
          [
            "B",
            2
          ],
          [
            "L",
            1
          ]
        ]
      },
      "most_common_incorrect": {
        "3.3": [
          [
            "B",
            8
          ],
          [
            "H",
            5
          ],
          [
            "C",
            4
          ]
        ]
      }
    }
  }
}