{
  "proposal_006": {
    "opinion_score": {
      "mean_absolute_error": 2.5,
      "region_errors": {
        "3.1": 2.5
      },
      "correlation": 0.04471786610316394
    },
    "reason_match": {
      "jaccard_similarity": 0.14404761904761904,
      "region_similarities": {
        "3.1": 0.14404761904761904
      },
      "most_common_correct": {
        "3.1": [
          [
            "A",
            4
          ],
          [
            "B",
            2
          ],
          [
            "G",
            1
          ]
        ]
      },
      "most_common_incorrect": {
        "3.1": [
          [
            "B",
            8
          ],
          [
            "H",
            7
          ],
          [
            "A",
            5
          ]
        ]
      }
    }
  },
  "proposal_003": {
    "opinion_score": {
      "mean_absolute_error": 2.7857142857142856,
      "region_errors": {
        "2.1": 2.7857142857142856
      },
      "correlation": -0.20920463247580562
    },
    "reason_match": {
      "jaccard_similarity": 0.18928571428571428,
      "region_similarities": {
        "2.1": 0.18928571428571428
      },
      "most_common_correct": {
        "2.1": [
          [
            "A",
            3
          ],
          [
            "H",
            2
          ],
          [
            "E",
            2
          ]
        ]
      },
      "most_common_incorrect": {
        "2.1": [
          [
            "B",
            6
          ],
          [
            "A",
            4
          ],
          [
            "H",
            3
          ]
        ]
      }
    }
  },
  "proposal_000": {
    "opinion_score": {
      "mean_absolute_error": 2.857142857142857,
      "region_errors": {
        "1.1": 2.857142857142857
      },
      "correlation": -0.07144055402488075
    },
    "reason_match": {
      "jaccard_similarity": 0.13214285714285715,
      "region_similarities": {
        "1.1": 0.13214285714285715
      },
      "most_common_correct": {
        "1.1": [
          [
            "A",
            4
          ],
          [
            "E",
            1
          ],
          [
            "H",
            1
          ]
        ]
      },
      "most_common_incorrect": {
        "1.1": [
          [
            "B",
            6
          ],
          [
            "H",
            3
          ],
          [
            "K",
            3
          ]
        ]
      }
    }
  },
  "proposal_005": {
    "opinion_score": {
      "mean_absolute_error": 2.4285714285714284,
      "region_errors": {
        "2.3": 2.4285714285714284
      },
      "correlation": -0.3324490316869318
    },
    "reason_match": {
      "jaccard_similarity": 0.12619047619047616,
      "region_similarities": {
        "2.3": 0.12619047619047616
      },
      "most_common_correct": {
        "2.3": [
          [
            "A",
            3
          ],
          [
            "J",
            2
          ],
          [
            "G",
            1
          ]
        ]
      },
      "most_common_incorrect": {
        "2.3": [
          [
            "A",
            6
          ],
          [
            "B",
            5
          ],
          [
            "F",
            4
          ]
        ]
      }
    }
  },
  "proposal_002": {
    "opinion_score": {
      "mean_absolute_error": 3.2142857142857144,
      "region_errors": {
        "1.3": 3.2142857142857144
      },
      "correlation": -0.3436406175635024
    },
    "reason_match": {
      "jaccard_similarity": 0.14897959183673468,
      "region_similarities": {
        "1.3": 0.14897959183673468
      },
      "most_common_correct": {
        "1.3": [
          [
            "H",
            3
          ],
          [
            "A",
            3
          ],
          [
            "K",
            1
          ]
        ]
      },
      "most_common_incorrect": {
        "1.3": [
          [
            "B",
            6
          ],
          [
            "H",
            4
          ],
          [
            "C",
            4
          ]
        ]
      }
    }
  },
  "proposal_007": {
    "opinion_score": {
      "mean_absolute_error": 2.642857142857143,
      "region_errors": {
        "3.2": 2.642857142857143
      },
      "correlation": -0.5992085335870151
    },
    "reason_match": {
      "jaccard_similarity": 0.14591836734693878,
      "region_similarities": {
        "3.2": 0.14591836734693878
      },
      "most_common_correct": {
        "3.2": [
          [
            "A",
            4
          ],
          [
            "H",
            2
          ],
          [
            "I",
            2
          ]
        ]
      },
      "most_common_incorrect": {
        "3.2": [
          [
            "C",
            6
          ],
          [
            "B",
            3
          ],
          [
            "K",
            3
          ]
        ]
      }
    }
  },
  "proposal_004": {
    "opinion_score": {
      "mean_absolute_error": 2.642857142857143,
      "region_errors": {
        "2.2": 2.642857142857143
      },
      "correlation": 0.09584545740950243
    },
    "reason_match": {
      "jaccard_similarity": 0.2792517006802721,
      "region_similarities": {
        "2.2": 0.2792517006802721
      },
      "most_common_correct": {
        "2.2": [
          [
            "A",
            5
          ],
          [
            "H",
            4
          ],
          [
            "B",
            3
          ]
        ]
      },
      "most_common_incorrect": {
        "2.2": [
          [
            "H",
            3
          ],
          [
            "B",
            3
          ],
          [
            "K",
            2
          ]
        ]
      }
    }
  },
  "proposal_001": {
    "opinion_score": {
      "mean_absolute_error": 2.2857142857142856,
      "region_errors": {
        "1.2": 2.2857142857142856
      },
      "correlation": -0.05134547994115211
    },
    "reason_match": {
      "jaccard_similarity": 0.26666666666666666,
      "region_similarities": {
        "1.2": 0.26666666666666666
      },
      "most_common_correct": {
        "1.2": [
          [
            "B",
            4
          ],
          [
            "H",
            4
          ],
          [
            "A",
            3
          ]
        ]
      },
      "most_common_incorrect": {
        "1.2": [
          [
            "B",
            5
          ],
          [
            "D",
            3
          ],
          [
            "A",
            3
          ]
        ]
      }
    }
  },
  "proposal_008": {
    "opinion_score": {
      "mean_absolute_error": 2.142857142857143,
      "region_errors": {
        "3.3": 2.142857142857143
      },
      "correlation": 0.16537174721298292
    },
    "reason_match": {
      "jaccard_similarity": 0.21309523809523806,
      "region_similarities": {
        "3.3": 0.21309523809523806
      },
      "most_common_correct": {
        "3.3": [
          [
            "B",
            3
          ],
          [
            "A",
            2
          ],
          [
            "L",
            1
          ]
        ]
      },
      "most_common_incorrect": {
        "3.3": [
          [
            "H",
            5
          ],
          [
            "B",
            4
          ],
          [
            "A",
            3
          ]
        ]
      }
    }
  }
}