{
  "proposal_006": {
    "opinion_score": {
      "mean_absolute_error": 2.594059405940594,
      "wasserstein_similarity": 0.33554817275747506,
      "region_errors": {
        "3.1": 2.594059405940594
      },
      "region_wasserstein_similarity": {
        "3.1": 0.0
      },
      "correlation": -0.11147305543149177
    },
    "reason_match": {
      "wasserstein_similarity": 0.545945945945946,
      "region_wasserstein": {
        "3.1": 0.545945945945946
      }
    }
  },
  "proposal_003": {
    "opinion_score": {
      "mean_absolute_error": 2.198019801980198,
      "wasserstein_similarity": 0.3811320754716981,
      "region_errors": {
        "2.1": 2.198019801980198
      },
      "region_wasserstein_similarity": {
        "2.1": 0.0
      },
      "correlation": -0.12392913386434028
    },
    "reason_match": {
      "wasserstein_similarity": 0.5722379603399432,
      "region_wasserstein": {
        "2.1": 0.5722379603399432
      }
    }
  },
  "proposal_000": {
    "opinion_score": {
      "mean_absolute_error": 2.762376237623762,
      "wasserstein_similarity": 0.2869318181818181,
      "region_errors": {
        "1.1": 2.762376237623762
      },
      "region_wasserstein_similarity": {
        "1.1": 0.0
      },
      "correlation": -0.013718334042468647
    },
    "reason_match": {
      "wasserstein_similarity": 0.5771428571428573,
      "region_wasserstein": {
        "1.1": 0.5771428571428573
      }
    }
  },
  "proposal_005": {
    "opinion_score": {
      "mean_absolute_error": 2.6633663366336635,
      "wasserstein_similarity": 0.35563380281690143,
      "region_errors": {
        "2.3": 2.6633663366336635
      },
      "region_wasserstein_similarity": {
        "2.3": 0.0
      },
      "correlation": -0.01572526760824711
    },
    "reason_match": {
      "wasserstein_similarity": 0.5567294441892514,
      "region_wasserstein": {
        "2.3": 0.5567294441892514
      }
    }
  },
  "proposal_002": {
    "opinion_score": {
      "mean_absolute_error": 2.6435643564356437,
      "wasserstein_similarity": 0.36594202898550726,
      "region_errors": {
        "1.3": 2.6435643564356437
      },
      "region_wasserstein_similarity": {
        "1.3": 0.0
      },
      "correlation": -0.1748341698076853
    },
    "reason_match": {
      "wasserstein_similarity": 0.55852534562212,
      "region_wasserstein": {
        "1.3": 0.55852534562212
      }
    }
  },
  "proposal_007": {
    "opinion_score": {
      "mean_absolute_error": 2.396039603960396,
      "wasserstein_similarity": 0.3672727272727273,
      "region_errors": {
        "3.2": 2.396039603960396
      },
      "region_wasserstein_similarity": {
        "3.2": 0.0
      },
      "correlation": 0.020543756724234436
    },
    "reason_match": {
      "wasserstein_similarity": 0.5557083906464925,
      "region_wasserstein": {
        "3.2": 0.5557083906464925
      }
    }
  },
  "proposal_004": {
    "opinion_score": {
      "mean_absolute_error": 2.0,
      "wasserstein_similarity": 0.44104803493449785,
      "region_errors": {
        "2.2": 2.0
      },
      "region_wasserstein_similarity": {
        "2.2": 0.0
      },
      "correlation": -0.0700311746336145
    },
    "reason_match": {
      "wasserstein_similarity": 0.5692813527477688,
      "region_wasserstein": {
        "2.2": 0.5692813527477688
      }
    }
  },
  "proposal_001": {
    "opinion_score": {
      "mean_absolute_error": 2.801980198019802,
      "wasserstein_similarity": 0.2869318181818181,
      "region_errors": {
        "1.2": 2.801980198019802
      },
      "region_wasserstein_similarity": {
        "1.2": 0.0
      },
      "correlation": 0.12028588676423511
    },
    "reason_match": {
      "wasserstein_similarity": 0.5695488721804511,
      "region_wasserstein": {
        "1.2": 0.5695488721804511
      }
    }
  },
  "proposal_008": {
    "opinion_score": {
      "mean_absolute_error": 2.366336633663366,
      "wasserstein_similarity": 0.3740740740740741,
      "region_errors": {
        "3.3": 2.366336633663366
      },
      "region_wasserstein_similarity": {
        "3.3": 0.0
      },
      "correlation": 0.06746618651725343
    },
    "reason_match": {
      "wasserstein_similarity": 0.5427675772503359,
      "region_wasserstein": {
        "3.3": 0.5427675772503359
      }
    }
  }
}