{
  "proposal_006": {
    "opinion_score": {
      "mean_absolute_error": 1.9090909090909092,
      "wasserstein_similarity": 0.39285714285714285,
      "region_errors": {
        "3.1": 1.9090909090909092
      },
      "region_wasserstein_similarity": {
        "3.1": 0.0
      },
      "correlation": 0.31389690488269556
    },
    "reason_match": {
      "wasserstein_similarity": 0.5814977973568282,
      "region_wasserstein": {
        "3.1": 0.5814977973568282
      }
    }
  },
  "proposal_003": {
    "opinion_score": {
      "mean_absolute_error": 2.3636363636363638,
      "wasserstein_similarity": 0.3142857142857143,
      "region_errors": {
        "2.1": 2.3636363636363638
      },
      "region_wasserstein_similarity": {
        "2.1": 0.0
      },
      "correlation": 0.04183300132670375
    },
    "reason_match": {
      "wasserstein_similarity": 0.5217391304347826,
      "region_wasserstein": {
        "2.1": 0.5217391304347826
      }
    }
  },
  "proposal_000": {
    "opinion_score": {
      "mean_absolute_error": 1.4545454545454546,
      "wasserstein_similarity": 0.4782608695652174,
      "region_errors": {
        "1.1": 1.4545454545454546
      },
      "region_wasserstein_similarity": {
        "1.1": 0.0
      },
      "correlation": -0.22973414586817031
    },
    "reason_match": {
      "wasserstein_similarity": 0.6027397260273972,
      "region_wasserstein": {
        "1.1": 0.6027397260273972
      }
    }
  },
  "proposal_005": {
    "opinion_score": {
      "mean_absolute_error": 2.3636363636363638,
      "wasserstein_similarity": 0.3793103448275862,
      "region_errors": {
        "2.3": 2.3636363636363638
      },
      "region_wasserstein_similarity": {
        "2.3": 0.0
      },
      "correlation": -0.26017930671104517
    },
    "reason_match": {
      "wasserstein_similarity": 0.0,
      "region_wasserstein": {}
    }
  },
  "proposal_002": {
    "opinion_score": {
      "mean_absolute_error": 2.4545454545454546,
      "wasserstein_similarity": 0.3235294117647059,
      "region_errors": {
        "1.3": 2.4545454545454546
      },
      "region_wasserstein_similarity": {
        "1.3": 0.0
      },
      "correlation": -0.44932476504138436
    },
    "reason_match": {
      "wasserstein_similarity": 0.5523012552301255,
      "region_wasserstein": {
        "1.3": 0.5523012552301255
      }
    }
  },
  "proposal_007": {
    "opinion_score": {
      "mean_absolute_error": 1.3636363636363635,
      "wasserstein_similarity": 0.5499999999999999,
      "region_errors": {
        "3.2": 1.3636363636363635
      },
      "region_wasserstein_similarity": {
        "3.2": 0.18181818181818177
      },
      "correlation": -0.02378855548858317
    },
    "reason_match": {
      "wasserstein_similarity": 0.5739130434782608,
      "region_wasserstein": {
        "3.2": 0.5739130434782608
      }
    }
  },
  "proposal_004": {
    "opinion_score": {
      "mean_absolute_error": 1.4545454545454546,
      "wasserstein_similarity": 0.44000000000000006,
      "region_errors": {
        "2.2": 1.4545454545454546
      },
      "region_wasserstein_similarity": {
        "2.2": 0.0
      },
      "correlation": -0.14583333333333334
    },
    "reason_match": {
      "wasserstein_similarity": 0.5454545454545455,
      "region_wasserstein": {
        "2.2": 0.5454545454545455
      }
    }
  },
  "proposal_001": {
    "opinion_score": {
      "mean_absolute_error": 1.0909090909090908,
      "wasserstein_similarity": 0.4782608695652174,
      "region_errors": {
        "1.2": 1.0909090909090908
      },
      "region_wasserstein_similarity": {
        "1.2": 0.0
      },
      "correlation": 0.17376201171422898
    },
    "reason_match": {
      "wasserstein_similarity": 0.5892857142857143,
      "region_wasserstein": {
        "1.2": 0.5892857142857143
      }
    }
  },
  "proposal_008": {
    "opinion_score": {
      "mean_absolute_error": 2.0,
      "wasserstein_similarity": 0.44000000000000006,
      "region_errors": {
        "3.3": 2.0
      },
      "region_wasserstein_similarity": {
        "3.3": 0.0
      },
      "correlation": -0.1060543531016111
    },
    "reason_match": {
      "wasserstein_similarity": 0.5892857142857143,
      "region_wasserstein": {
        "3.3": 0.5892857142857143
      }
    }
  }
}