{
  "proposal_006": {
    "opinion_score": {
      "mean_absolute_error": 1.9207920792079207,
      "wasserstein_similarity": 0.41563786008230447,
      "region_errors": {
        "3.1": 1.9207920792079207
      },
      "region_wasserstein_similarity": {
        "3.1": 0.0
      },
      "correlation": -0.0677869882273626
    },
    "reason_match": {
      "wasserstein_similarity": 0.559040590405904,
      "region_wasserstein": {
        "3.1": 0.559040590405904
      }
    }
  },
  "proposal_003": {
    "opinion_score": {
      "mean_absolute_error": 1.801980198019802,
      "wasserstein_similarity": 0.39299610894941633,
      "region_errors": {
        "2.1": 1.801980198019802
      },
      "region_wasserstein_similarity": {
        "2.1": 0.0
      },
      "correlation": 0.19878922075277522
    },
    "reason_match": {
      "wasserstein_similarity": 0.5801819052178075,
      "region_wasserstein": {
        "2.1": 0.5801819052178075
      }
    }
  },
  "proposal_000": {
    "opinion_score": {
      "mean_absolute_error": 1.504950495049505,
      "wasserstein_similarity": 0.44888888888888884,
      "region_errors": {
        "1.1": 1.504950495049505
      },
      "region_wasserstein_similarity": {
        "1.1": 0.0
      },
      "correlation": 0.10503099867505993
    },
    "reason_match": {
      "wasserstein_similarity": 0.5832531280076997,
      "region_wasserstein": {
        "1.1": 0.5832531280076997
      }
    }
  },
  "proposal_005": {
    "opinion_score": {
      "mean_absolute_error": 2.613861386138614,
      "wasserstein_similarity": 0.29446064139941686,
      "region_errors": {
        "2.3": 2.613861386138614
      },
      "region_wasserstein_similarity": {
        "2.3": 0.0
      },
      "correlation": -0.004974753231187923
    },
    "reason_match": {
      "wasserstein_similarity": 0.5684803001876172,
      "region_wasserstein": {
        "2.3": 0.5684803001876172
      }
    }
  },
  "proposal_002": {
    "opinion_score": {
      "mean_absolute_error": 2.504950495049505,
      "wasserstein_similarity": 0.3258064516129032,
      "region_errors": {
        "1.3": 2.504950495049505
      },
      "region_wasserstein_similarity": {
        "1.3": 0.0
      },
      "correlation": -0.05076255781944566
    },
    "reason_match": {
      "wasserstein_similarity": 0.5554537121906508,
      "region_wasserstein": {
        "1.3": 0.5554537121906508
      }
    }
  },
  "proposal_007": {
    "opinion_score": {
      "mean_absolute_error": 1.7524752475247525,
      "wasserstein_similarity": 0.4243697478991596,
      "region_errors": {
        "3.2": 1.7524752475247525
      },
      "region_wasserstein_similarity": {
        "3.2": 0.0
      },
      "correlation": 0.025591142688348816
    },
    "reason_match": {
      "wasserstein_similarity": 0.5703529411764707,
      "region_wasserstein": {
        "3.2": 0.5703529411764707
      }
    }
  },
  "proposal_004": {
    "opinion_score": {
      "mean_absolute_error": 1.8415841584158417,
      "wasserstein_similarity": 0.44888888888888884,
      "region_errors": {
        "2.2": 1.8415841584158417
      },
      "region_wasserstein_similarity": {
        "2.2": 0.0
      },
      "correlation": -0.03677250009029346
    },
    "reason_match": {
      "wasserstein_similarity": 0.5815738963531669,
      "region_wasserstein": {
        "2.2": 0.5815738963531669
      }
    }
  },
  "proposal_001": {
    "opinion_score": {
      "mean_absolute_error": 2.0792079207920793,
      "wasserstein_similarity": 0.38697318007662834,
      "region_errors": {
        "1.2": 2.0792079207920793
      },
      "region_wasserstein_similarity": {
        "1.2": 0.0
      },
      "correlation": -0.05649460168551295
    },
    "reason_match": {
      "wasserstein_similarity": 0.5894941634241244,
      "region_wasserstein": {
        "1.2": 0.5894941634241244
      }
    }
  },
  "proposal_008": {
    "opinion_score": {
      "mean_absolute_error": 2.3267326732673266,
      "wasserstein_similarity": 0.3389261744966443,
      "region_errors": {
        "3.3": 2.3267326732673266
      },
      "region_wasserstein_similarity": {
        "3.3": 0.0
      },
      "correlation": -0.1464851740383859
    },
    "reason_match": {
      "wasserstein_similarity": 0.5499092558983665,
      "region_wasserstein": {
        "3.3": 0.5499092558983665
      }
    }
  }
}