{
  "opinion_metrics": {
    "rmse": 1.2649110640673518,
    "mae": 1.0,
    "r2": 0.7246376811594205
  },
  "reason_metrics": {
    "jaccard_index": 0.6521739130434783,
    "micro_precision": 0.75,
    "micro_recall": 0.6521739130434783,
    "micro_f1": 0.6976744186046512
  },
  "per_scenario": {
    "1.1": {
      "opinion_metrics": {
        "rmse": 1.0,
        "mae": 1.0
      },
      "reason_metrics": {
        "jaccard_index": 0.8333333333333334,
        "precision": 1.0,
        "recall": 0.8333333333333334,
        "f1": 0.9090909090909091
      }
    },
    "1.2": {
      "opinion_metrics": {
        "rmse": 1.0,
        "mae": 1.0
      },
      "reason_metrics": {
        "jaccard_index": 0.4,
        "precision": 0.6666666666666666,
        "recall": 0.5,
        "f1": 0.5714285714285715
      }
    },
    "1.3": {
      "opinion_metrics": {
        "rmse": 1.0,
        "mae": 1.0
      },
      "reason_metrics": {
        "jaccard_index": 0.5,
        "precision": 0.6666666666666666,
        "recall": 0.5,
        "f1": 0.5714285714285715
      }
    },
    "2.1": {
      "opinion_metrics": {
        "rmse": 0.7071067811865475,
        "mae": 0.5
      },
      "reason_metrics": {
        "jaccard_index": 0.75,
        "precision": 1.0,
        "recall": 0.75,
        "f1": 0.8571428571428571
      }
    },
    "2.2": {
      "opinion_metrics": {
        "rmse": 0.7071067811865475,
        "mae": 0.5
      },
      "reason_metrics": {
        "jaccard_index": 0.75,
        "precision": 0.75,
        "recall": 0.75,
        "f1": 0.75
      }
    },
    "2.3": {
      "opinion_metrics": {
        "rmse": 0.7071067811865475,
        "mae": 0.5
      },
      "reason_metrics": {
        "jaccard_index": 0.6,
        "precision": 0.6666666666666666,
        "recall": 0.6666666666666666,
        "f1": 0.6666666666666666
      }
    },
    "3.1": {
      "opinion_metrics": {
        "rmse": 1.5811388300841898,
        "mae": 1.5
      },
      "reason_metrics": {
        "jaccard_index": 0.6,
        "precision": 0.6666666666666666,
        "recall": 0.75,
        "f1": 0.7058823529411765
      }
    },
    "3.2": {
      "opinion_metrics": {
        "rmse": 1.0,
        "mae": 1.0
      },
      "reason_metrics": {
        "jaccard_index": 0.6666666666666666,
        "precision": 1.0,
        "recall": 0.6666666666666666,
        "f1": 0.8
      }
    },
    "3.3": {
      "opinion_metrics": {
        "rmse": 1.0,
        "mae": 1.0
      },
      "reason_metrics": {
        "jaccard_index": 0.5,
        "precision": 0.6666666666666666,
        "recall": 0.5,
        "f1": 0.5714285714285715
      }
    }
  }
} 